{
  "FixedSpread": {
    "sharpe_mean": -3.163022411950009,
    "sharpe_std": 0.6931490931443727,
    "map_mean": 5.103461538461538,
    "map_std": 0.8477441446449219,
    "mdd_mean": -40.85200000000746,
    "mdd_std": 10.031608719442856,
    "pnl_mean": -37.46950000000831,
    "pnl_std": 10.286801725998174,
    "n_episodes": 20
  },
  "AS": {
    "sharpe_mean": -4.536435185658211,
    "sharpe_std": 1.250821887731946,
    "map_mean": 1.8776923076923075,
    "map_std": 0.39412441759138556,
    "mdd_mean": -26.131250000001252,
    "mdd_std": 6.267628912714653,
    "pnl_mean": -25.112500000001592,
    "pnl_std": 6.89520603390475,
    "n_episodes": 20
  },
  "GLFT": {
    "sharpe_mean": -0.8575534597571053,
    "sharpe_std": 1.3235932181277754,
    "map_mean": 1.2847435897435897,
    "map_std": 1.1820163727533288,
    "mdd_mean": -5.62825000000002,
    "mdd_std": 5.200524078157996,
    "pnl_mean": -1.114749999999907,
    "pnl_std": 3.334817264483893,
    "n_episodes": 20
  }
}