{
  "arrival_rate_per_sec": 4.4027225094111815,
  "mean_interarrival_sec": 0.22703493291927843,
  "std_interarrival_sec": 163.0058860874963,
  "mean_order_size": 249.8903146900662,
  "std_order_size": 111.91409415660863,
  "min_order_size": 100,
  "max_order_size": 400,
  "cancellation_rate": 0.20070470384966319,
  "execution_rate": 0.1017452582943449,
  "buy_sell_ratio": 0.500873599813632,
  "n_events": 103022,
  "total_time_sec": 23399.612348900482
}