{
  "mu": 8.181129854390771e-05,
  "alpha": 0.26066857118735204,
  "beta": 0.2607334059808451,
  "branching_ratio": 0.9997513368367618,
  "n_events": 100092,
  "T_seconds": 57599.94327122731,
  "converged": true
}