{
  "mu": 0.4141291730503278,
  "alpha": 0.5072887194470598,
  "beta": 0.5636541327189553,
  "branching_ratio": 0.9000000000000001,
  "n_events": 10482,
  "T_seconds": 23396.285777835903,
  "converged": true
}